Model,RMSE,R2,MAE
Random Forest,2.8723048751941915,0.5755857297273241,1.557905466434574
Linear Regression,3.252702359420369,0.4557260399540123,1.8212871045654493
